CensusTract,State,County,TotalPop,Men,Women,Hispanic,White,Black,Native,Asian,Pacific,Citizen,Income,IncomeErr,IncomePerCap,IncomePerCapErr,Poverty,ChildPoverty,Professional,Service,Office,Construction,Production,Drive,Carpool,Transit,Walk,OtherTransp,WorkAtHome,MeanCommute,Employed,PrivateWork,PublicWork,SelfEmployed,FamilyWork,Unemployment
11001000100,District of Columbia,District of Columbia,5209,2388,2821,10.5,81.9,1.3,0.2,4.9,0,3554,175048,30804,127012,18222,3.6,0,83.2,4.3,12,0,0.4,30.2,2.8,20.2,21.1,12.1,13.6,25,3209,71.7,22.5,5.8,0,4.2
11001000201,District of Columbia,District of Columbia,3685,1582,2103,9.1,65.5,7.4,0,13.4,0,3138,,,3481,811,77.5,,33.6,20.1,42.3,1.2,2.7,2.1,4,6.5,74.7,3.3,9.4,11.1,1206,94.5,3.3,0,2.2,7.3
11001000202,District of Columbia,District of Columbia,4817,2195,2622,5.9,79.8,7.4,0.2,4.2,0,3972,153705,15708,71335,11802,22.5,2.2,70.6,10.1,18.6,0,0.6,29.4,2.4,31,24.5,3.2,9.5,21.2,2328,80.2,12.9,6.7,0.3,4.4
11001000300,District of Columbia,District of Columbia,6095,2853,3242,6.8,79,6,0,5.7,0,4954,125078,15785,70302,8041,15.4,0,65.6,10.7,21.2,1.8,0.6,45.8,3.9,22.7,15.3,4.4,8,27,4088,74.4,21.7,3.8,0,3.2
11001000400,District of Columbia,District of Columbia,1578,807,771,16.1,66.1,4.9,0,8.2,0,982,178750,67039,140834,23554,9.9,6,72.4,14.4,9.9,1.4,2,47.7,10.4,7.2,9.3,5.1,20.2,25.5,812,61,25.2,13.8,0,2.2
11001000501,District of Columbia,District of Columbia,3502,1582,1920,14.6,71.4,3.9,2.5,4.3,0,2781,107448,6566,88510,13382,6.4,16.9,85,0.6,12.8,1.5,0.1,28.9,7.2,46.3,8,6.1,3.5,28.4,2575,67,28.3,4.7,0,2.3
11001000502,District of Columbia,District of Columbia,2973,1186,1787,10.4,78.9,3.1,0,5.2,0,2464,114152,12619,91455,8831,2.1,0,85.9,2.1,12.1,0,0,23.9,8.2,52,6.7,3.2,6.1,27.4,2107,63.2,30.5,6.3,0,2
11001000600,District of Columbia,District of Columbia,4722,2040,2682,11.8,74.9,7.2,0,4.3,0,3685,158625,52588,107737,12311,8.9,7.3,82,6.4,8.7,2,0.9,40.8,5.3,40.8,5.1,4.5,3.5,28.8,2846,65,27,8,0,3
11001000701,District of Columbia,District of Columbia,5245,1854,3391,4.3,74.7,6.8,0,8.4,0,4245,80223,11432,76755,9892,9.9,9.2,65.8,10,19.7,2,2.4,46.6,11.9,25.9,7,3.5,5.2,25.8,3039,66.2,24.8,8.1,0.9,3.9
11001000702,District of Columbia,District of Columbia,3316,1433,1883,7.2,79,5.3,0.2,6.8,0,2552,72346,13388,56371,6142,12.5,0,76.2,4.8,19,0,0,37,6.6,34.5,15.6,3.2,3.1,34.5,2482,72.8,23.4,3,0.8,4
11001000801,District of Columbia,District of Columbia,6575,3054,3521,10.6,74.8,5.3,0,4.5,0,4634,121265,32594,100641,18922,14,3.7,74.6,7.3,16.8,0.8,0.6,60.1,14.1,11.4,5,4.1,5.3,25.5,3139,74.1,18.2,7.4,0.3,5.1
11001000802,District of Columbia,District of Columbia,3153,1546,1607,14.7,64.3,8.7,0,9.2,0,2295,91307,14112,74359,12090,14,1.1,74.6,10.1,14.3,1,0,49.6,13.6,19.4,6.8,2.6,8,29.3,1668,77.6,17.8,4.6,0,4.2
11001000901,District of Columbia,District of Columbia,7790,3273,4517,12,72.8,7.7,0,5.2,0,5708,231542,34751,73914,11659,10.9,1.7,71.7,14.3,12.7,0.3,1.1,38,10.7,17.1,12.9,6,15.3,27.3,2613,72.3,15.7,10.4,1.5,9.6
11001000902,District of Columbia,District of Columbia,2455,1188,1267,14.2,76.3,2.7,0,3.2,0,1455,200893,17641,115128,28778,1.7,0.7,80.6,8.5,9.5,1.3,0.2,62.6,8.7,10.6,2.6,5.4,10.1,28.5,1306,72.8,16.6,10.2,0.4,2
11001001001,District of Columbia,District of Columbia,7894,3778,4116,10.4,74.3,2.7,0,5.4,0,5077,153992,8829,67807,6555,4.7,0.9,78.4,6.3,13.4,0.7,1.2,40.8,7.4,30.6,5,7.8,8.3,29.6,3859,65.9,28.2,5.8,0,2.3
11001001002,District of Columbia,District of Columbia,3497,1580,1917,7.1,74.3,5.5,0,10.9,0,2956,82847,22103,57766,11738,28.3,0,67.7,13.8,18.2,0,0.3,38.8,6.6,30.4,17.5,3.3,3.4,26.9,2261,74.3,20.5,5.2,0,5
11001001100,District of Columbia,District of Columbia,4817,2211,2606,7.8,73.2,9.9,0,6,0,3586,149265,31884,93196,14189,4,0,81.4,3.3,13.8,0,1.4,40.6,6,38.6,4.9,1.2,8.7,30.5,2578,62.3,28.7,9,0,3.5
11001001200,District of Columbia,District of Columbia,4908,2513,2395,6.7,76.9,6.3,0,6.3,0,3572,106667,19738,79949,8114,5.2,0,80.3,6.7,11.8,0.7,0.5,32.2,4.5,47.8,6.6,0.6,8.4,29.2,3078,67.3,25.6,7.1,0,1.6
11001001301,District of Columbia,District of Columbia,4016,1813,2203,5.2,74.1,12.1,0,6,0,3235,128395,8058,99100,13567,6.4,6.1,87.5,1.8,9.8,0,0.8,33.9,6.4,49.8,3.9,0.6,5.4,31.1,2752,66.4,26.6,7,0,3.4
11001001302,District of Columbia,District of Columbia,7591,3270,4321,10.6,70.8,7.2,0,9.3,0,6019,98143,15195,81118,10563,10.8,5.2,81.7,3.9,11.2,2.1,1.1,25.6,3.5,54.2,9.3,2.3,5.1,27.4,5446,67.7,27.5,4.8,0,3.6
11001001401,District of Columbia,District of Columbia,3369,1451,1918,9.1,76.2,7.7,0,5.4,0,2275,112700,23365,87803,12541,7.4,0.8,82,6.2,10.9,0.6,0.3,43.7,9.6,35.3,2.4,2,7,32.4,1765,68.1,25.9,6,0,4.7
11001001402,District of Columbia,District of Columbia,3328,1594,1734,10.1,64.2,11.1,0.6,8.8,0,2382,118693,37830,86446,14363,9.7,6.2,73.8,11.8,14.4,0,0,33.9,14.7,28.4,3.7,2.1,17.1,33.1,1829,64.4,19.9,13.5,2.2,3.1
11001001500,District of Columbia,District of Columbia,6350,3217,3133,3.8,79.8,11,0,2.2,0,4198,200031,20140,76960,9585,1.7,0.8,79.2,8.2,11.2,0,1.3,59.7,9.6,11.7,3.7,2.3,13,28,3083,67.5,19.3,13.3,0,2.8
11001001600,District of Columbia,District of Columbia,4175,2066,2109,7,23.8,65.9,0.2,0.4,0,3231,143194,24824,78098,8465,3.9,1.1,74.7,6.9,16.1,0,2.4,64.2,5.5,20.1,1.1,1.4,7.6,33.3,2136,67.6,23.3,8.7,0.4,8.5
11001001702,District of Columbia,District of Columbia,3083,1431,1652,12.1,36.2,48.2,0,1.3,0,2422,92543,16489,55369,8180,9,18,71.7,5.4,17.4,1.4,4.1,37.5,1.7,45.5,3.5,1.7,10.1,31.9,1984,62,31.7,6.4,0,8.4
11001001803,District of Columbia,District of Columbia,4042,1902,2140,26.9,6.4,61,0.2,0.4,0,2057,52411,6117,32879,5875,12.7,13,34.2,28.3,20.2,5,12.4,46.7,5.2,39.3,2.7,2,4,34.8,2040,77.3,15.6,7.1,0,7
11001001804,District of Columbia,District of Columbia,5619,2902,2717,33.4,3.5,60.5,0.6,1.7,0,3091,46283,9860,24401,2583,16.4,24.9,28.6,21.3,25.7,10,14.4,46.2,10.2,37.3,2.1,1.3,2.9,29.5,2830,81.1,15.5,3.4,0,9.9
11001001901,District of Columbia,District of Columbia,3997,1754,2243,16.2,8.4,71.3,0,2.2,0,2803,74344,10622,33830,5676,10.6,19.3,44.7,22.5,23.3,1.5,8,43.1,8.2,39.4,2.8,1.1,5.4,34.1,1997,69.4,25.7,4.6,0.4,9.2
11001001902,District of Columbia,District of Columbia,2337,925,1412,19,9.8,68.2,0.3,0.9,0,1730,88291,10797,38637,5221,8.5,24.7,51.1,24.7,11.7,3.2,9.3,51.5,10.3,33.2,3,1.2,0.8,34.7,1267,76.5,19,4.5,0,7.6
11001002001,District of Columbia,District of Columbia,2848,1354,1494,29.2,24.5,40.3,0.2,3.4,0,1881,63385,10940,44172,5941,6.8,3.1,48.2,33,11,4.6,3.2,44,8.8,37.9,1.1,3.9,4.3,31.9,1441,73.7,19.4,6.9,0,7.5
11001002002,District of Columbia,District of Columbia,3911,1858,2053,20.8,16.4,55.7,0,0.7,0,2696,80703,13198,41128,4790,13.3,17.9,47.4,19.8,23.9,4.5,4.4,56.8,5,28.6,0.3,4.2,5.1,31.9,2094,70.1,23.6,5.4,0.9,10.9
11001002101,District of Columbia,District of Columbia,5859,2834,3025,29.4,5.5,60.6,0,3.7,0,3338,57565,8335,28023,5121,14.9,29.5,33.5,31.9,20.1,5.4,9.1,41.7,4.8,45.9,1.5,3.6,2.5,35.1,2949,76.6,17.9,5.5,0,10
11001002102,District of Columbia,District of Columbia,4921,2336,2585,16.1,8.5,72.2,0.9,0,0,3591,65387,8965,38372,4760,18,34.5,52.1,21.4,17,0.7,8.8,54,6.2,33.6,2.4,3.1,0.7,33.2,2560,68,29.6,2.4,0,10.6
11001002201,District of Columbia,District of Columbia,3704,1883,1821,14,9.8,71.3,1,2.3,0,2720,65638,9989,35506,6571,7.9,0,50.2,23.9,18.2,2.9,4.8,53.2,2.8,32.8,1.4,7.8,2,33.4,1979,70.1,26.6,3.3,0,13.8
11001002202,District of Columbia,District of Columbia,3974,2071,1903,27.6,4.3,63.5,0,1.6,0,2280,48274,13934,26286,5049,26.4,32.7,38.8,25.5,19.8,7.3,8.8,37.1,4.1,47.6,3.2,1.9,6.1,32.4,1721,72.2,21,6.8,0,15.4
11001002301,District of Columbia,District of Columbia,3220,1451,1769,15.2,22.8,54.5,0,2.2,0,2254,97500,25191,40953,6730,10.5,11.8,51,20.3,17.8,4.9,6,43.9,6.2,33.7,1.4,8.7,6.1,30.9,1838,73.9,19.9,6.1,0,7.9
11001002302,District of Columbia,District of Columbia,1711,906,805,3.6,38.9,47.5,0,6.1,0,1495,59630,14245,39218,6633,23.9,0,77.6,9.5,8.8,0,4.1,55,1.2,28.6,4.8,9.6,0.9,34.6,772,76.6,18.8,4.7,0,2.5
11001002400,District of Columbia,District of Columbia,4257,2153,2104,23.2,18.2,52.5,0.5,2.5,0,3260,96667,9722,40973,6845,7.8,3.9,51.3,19.2,18,10.3,1.2,36,6.8,44.8,2.7,7.2,2.5,30.4,2423,69.1,26.3,4.6,0,10.5
11001002501,District of Columbia,District of Columbia,2648,1300,1348,21.5,23.1,52.5,0,0.6,0,1755,35370,23111,39069,7545,23,29.9,53.1,25.9,8.7,10.4,1.9,46.8,9.6,34.1,0,5,4.5,34.6,1299,81.1,13.9,5.1,0,9.9
11001002502,District of Columbia,District of Columbia,5852,3039,2813,36.8,17.8,39.2,0.2,3.5,0,3400,64616,6544,40849,9212,14.7,23.4,48.7,31.6,11,7,1.6,29.7,10.3,45.8,3.1,10.3,0.8,33.7,3558,79.5,17.2,3.3,0,5.9
11001002600,District of Columbia,District of Columbia,2573,1231,1342,10.5,45.3,30.8,0.4,6.1,0.9,1935,135164,21091,73498,9718,5.1,2.2,73.7,7.5,15.1,1.5,2.2,46.1,8.7,27,1.5,4.5,12.2,33,1428,68.5,22.5,9,0,7.4
11001002701,District of Columbia,District of Columbia,5428,2925,2503,28.1,50.1,13.9,0,2.7,0,3384,56630,15551,45567,6016,16.3,27.3,75.3,10.9,7.1,5.4,1.3,18.2,3.4,45.6,10.3,13.2,9.4,32.9,3229,71.1,22.5,6.4,0,7
11001002702,District of Columbia,District of Columbia,6300,3047,3253,27.3,53.4,15.7,0,1.7,0,4510,87043,12306,50010,6544,7.8,7.6,65.8,18.5,7.9,5.7,2,20.7,5,49.1,9.2,10.8,5.2,31.7,4252,65.8,25.6,8.6,0,4
11001002801,District of Columbia,District of Columbia,4033,2124,1909,34.7,17.6,40.7,0,4.8,0,2060,48641,6077,25562,2906,21,30.2,38.1,34.1,16.1,5.2,6.6,20.9,2.8,53.5,9.6,5.6,7.5,31.9,2313,84.5,12.9,2.6,0,9.5
11001002802,District of Columbia,District of Columbia,4750,2391,2359,47.1,24.6,20.3,0,6,0,2681,49338,8412,31109,3010,19.6,35.4,47.3,29.9,9.6,9.7,3.6,15.8,5.8,61.9,8.5,6.4,1.7,31.5,2948,80.1,16.6,3.3,0,5.9
11001002900,District of Columbia,District of Columbia,4567,2335,2232,26.5,40.6,25.8,0,4.1,0,3116,92900,16205,44561,4080,7.5,13.2,61.1,20.4,11.9,2.4,4.3,21.6,3.8,55.2,6.6,7.1,5.7,32.8,3184,73.6,24.1,2.3,0,5.3
11001003000,District of Columbia,District of Columbia,3534,1593,1941,9,40.2,46,0,3.4,0,2575,70238,21049,39046,5993,26.2,50.4,73.9,10.3,14.1,0.3,1.4,21.4,3.2,51.6,9.4,7.2,7.2,32.5,2018,70.1,25.2,3.8,0.8,6.4
11001003100,District of Columbia,District of Columbia,3350,1613,1737,43,25.9,24.8,0.4,4.3,0,2177,81356,13121,37455,7245,10.6,22.4,44.7,19.9,22,8.5,5,20.6,12.4,48.4,4.7,12.9,1,34.1,2035,76.7,19.6,3.7,0,6
11001003200,District of Columbia,District of Columbia,4997,2278,2719,28.1,17.4,50.4,0,3.7,0,3577,80848,18394,34817,5076,16.3,20.6,48,24.9,19.6,3.9,3.7,22.4,11.6,50.4,4.2,5.4,5.9,30.4,2787,70.3,23.1,6.6,0,7.6
11001003301,District of Columbia,District of Columbia,3619,1930,1689,8.6,46.8,37.5,0,4.1,0,3098,105132,22739,61529,6274,7.6,0,68.9,10.4,18.1,0.5,2.1,35.4,3.2,30,6.3,20.9,4.2,28.3,2718,72.7,24.2,3.1,0,4.3
11001003302,District of Columbia,District of Columbia,2338,1056,1282,5.7,39.1,46,0.2,5,0,1916,112500,26904,53102,5738,12.1,11.7,73.4,9.3,16.2,0,1.1,36.9,4.9,33.1,13.6,6.2,5.3,29.2,1480,70.4,26.8,2.8,0,9.2
11001003400,District of Columbia,District of Columbia,4716,1937,2779,9.4,26.3,60.4,0,1.1,0,4162,80500,21951,26110,4579,18.8,21.4,50,18.4,29.1,1.5,1,25.9,2.4,41.2,10.2,11.9,8.4,27.5,2064,73.4,20.9,5.7,0,10
11001003500,District of Columbia,District of Columbia,5603,2496,3107,7.2,14.7,71.8,0,4.7,0,4696,69190,19123,21255,2762,21,40,50.1,21.1,25.3,0.9,2.6,19.5,4.2,45.4,17.7,8.3,4.8,31.6,2688,79.8,18.1,1.8,0.3,10.7
11001003600,District of Columbia,District of Columbia,5036,2761,2275,11.8,46.5,34.5,0,4.9,0,4107,91250,13362,51870,8195,10.4,0,71.2,9.9,10.3,4.6,4.1,22.8,7.8,45.8,7.8,10.9,4.9,28.9,3622,76.2,22,1.8,0,8.4
11001003700,District of Columbia,District of Columbia,5860,2916,2944,25,34,34.3,0.3,5.1,0,4075,73232,23725,40260,5849,17.3,34,58.4,20.6,16.4,3.1,1.5,20.1,2.7,45.8,20,6.9,4.6,28.7,3613,80.2,17.7,2.1,0,8
11001003800,District of Columbia,District of Columbia,4969,2642,2327,18,57.1,14.6,0,5.2,1,3944,92885,9768,62218,7068,11.1,16.4,74.9,8.3,15,0.4,1.5,20.7,5.5,44.9,15.9,5.9,7.1,28.3,3432,69.3,28,2.7,0,6.1
11001003900,District of Columbia,District of Columbia,4492,2118,2374,8.1,72.8,10.9,0.4,6.9,0,3794,89662,6982,63716,5801,9.8,0,74.9,13.4,9.1,1.5,1,17.1,3.5,56.1,9.1,9.5,4.6,31.1,3361,66.5,30.1,2.8,0.6,9
11001004001,District of Columbia,District of Columbia,4120,2282,1838,11.4,79.2,3.1,0,4.5,1.5,3535,104775,23158,83083,8031,4.4,0,78.7,5.3,13.4,2.1,0.5,23,8.4,44,14.5,3.9,6.2,28.5,3029,72,21.8,5.4,0.8,3.6
11001004002,District of Columbia,District of Columbia,2998,1567,1431,8.2,79.7,5.2,0.3,4.9,0,2435,90886,6565,71065,7219,3.8,0,81.4,5.6,10.2,2,0.8,15.1,4.2,38.1,23.4,11,8.1,29,2379,69.3,27.3,3.4,0,2.1
11001004100,District of Columbia,District of Columbia,2759,1380,1379,11.9,75.1,4.2,0,6.3,0,2056,123456,16979,102304,15484,5.7,1.8,84.2,6.4,6.4,1.6,1.4,19.9,4.4,30.4,26.8,3.1,15.4,24.4,1822,65,27.7,7.3,0,2.7
11001004201,District of Columbia,District of Columbia,3625,1924,1701,5.1,78,6.5,0.5,4.4,0,3030,96650,12501,79766,11508,4.9,0,86.1,1.9,10.6,0.4,1,16,4.3,38.3,27.7,7.6,6,25.6,3047,69.3,25,5.7,0,4
11001004202,District of Columbia,District of Columbia,2635,1321,1314,8.1,76.6,2.8,0.3,9.3,0,2268,102308,15523,90910,14149,7.4,0,85.6,5.8,8.5,0,0,16.9,1,41.7,28.5,8.1,3.9,27.6,2141,69.7,24.1,6.2,0,3.2
11001004300,District of Columbia,District of Columbia,3720,2127,1593,16,52.3,26.7,0,1.7,0,2777,80000,11218,59883,6335,11.8,27,73.8,5.2,12.3,7.3,1.3,19.2,2.9,43.5,19.4,8.9,6.2,28.1,2618,76.6,20.6,2.8,0,7.1
11001004400,District of Columbia,District of Columbia,5702,3099,2603,7.3,67.8,15.8,0,4.3,0,4799,148766,15550,84904,10608,13.5,28.2,82.6,4.9,10.9,0.7,0.8,21.4,4.8,35.5,19.9,11.8,6.5,25.2,4431,69.4,25,5.6,0,3.7
11001004600,District of Columbia,District of Columbia,2947,1356,1591,8.5,31.4,53.2,3.3,2.4,0,2301,64235,31392,45979,7846,13.9,36.3,54.5,12.9,19.5,5.2,7.9,34.1,10.4,26,12,12.1,5.4,28.2,1679,69.6,22.5,7.9,0,9.6
11001004701,District of Columbia,District of Columbia,4478,2180,2298,4.4,14.8,68.8,0,9.1,0,3175,24767,4423,34229,7917,23.6,30.6,54,22.5,10.3,7,6.1,25.4,8.1,37,18.3,5.4,5.8,31.2,2003,61.3,35.5,3.1,0,8.4
11001004702,District of Columbia,District of Columbia,2558,1219,1339,6.1,49.7,37.5,0,5.1,0,2231,94688,14725,72154,9480,15.1,35.6,73.9,8.2,16.9,0.4,0.7,24.6,2.6,28.7,33.3,6,4.9,23.1,1667,65.1,28.9,6,0,6.9
11001004801,District of Columbia,District of Columbia,2223,1029,1194,6.6,35.2,47.5,0,7.3,0,1909,103273,7835,53431,4805,9.7,0,64.5,14.6,16.6,1.4,2.9,26,5.4,46.2,13.2,7.8,1.4,30.5,1564,71.2,26.3,2.5,0,4.5
11001004802,District of Columbia,District of Columbia,3548,1650,1898,13,25.1,48.2,0,11.1,0,2626,63015,24508,47257,6198,25.7,38.8,61,22,12.5,2.2,2.3,20.2,2.9,34.5,29.6,9.4,3.4,25.2,2254,71.8,23.2,5,0,3
11001004901,District of Columbia,District of Columbia,2600,1204,1396,15.7,33.5,41.3,0,7,0,1834,67104,12620,42893,6378,20.8,32.3,64.4,15.4,16.1,1.1,3,27.9,0.7,30.4,20.5,13.4,7.1,24.9,1488,76.9,17.7,4.6,0.7,8.3
11001004902,District of Columbia,District of Columbia,2842,1515,1327,21.3,43.6,21.4,0.4,10,0,2190,81591,35121,58332,7417,12.3,9.7,65,14.4,15.4,1.7,3.5,24.3,1.3,34.3,31.1,5.7,3.3,24.3,2094,76.7,21,2.2,0,5
11001005001,District of Columbia,District of Columbia,2116,1287,829,14.4,61.3,13.4,0,3.6,0,1717,133686,16235,85672,16681,8.3,0,69.7,11.4,16.6,1.5,0.8,23.8,1.4,26.8,37.9,7.2,2.9,24,1580,75.9,20.9,3.2,0,2.5
11001005002,District of Columbia,District of Columbia,6051,3548,2503,23,46.4,19.9,0.4,5.5,0.5,4561,81128,7714,64399,8778,13.1,9.7,69,16.9,8.6,4.2,1.2,13.9,2.1,24,51,5.4,3.5,23,4330,78.8,19.3,2,0,4.1
11001005201,District of Columbia,District of Columbia,6224,3487,2737,12.8,71.7,3.6,0,7.9,0,5273,102420,17722,91032,10498,7.9,0,77.2,11.3,10,0.5,1,22.8,1.2,30.1,42.7,2.7,0.5,24.9,5327,79.2,19.5,1.3,0,2.8
11001005301,District of Columbia,District of Columbia,4999,2457,2542,5.5,76.2,3.2,1.2,10,0,4274,89097,21788,80263,8402,7.8,0,78.3,4,17.4,0,0.4,13.9,2,31.8,40.8,7.9,3.5,24.3,3991,73.9,22.7,3.4,0,0.8
11001005500,District of Columbia,District of Columbia,6632,3388,3244,11.3,68,5.5,0.9,11.6,0,5213,97558,30933,92668,18651,18.2,39,84,4.8,11.2,0,0,22,1.9,32.7,32.7,5.9,4.9,25.7,4738,69.9,26.3,3.3,0.5,2.5
11001005600,District of Columbia,District of Columbia,6964,3183,3781,9.7,67.8,6.4,0,11.9,0,5678,71250,21241,65433,13243,22.1,0,76.5,5.8,16.2,0.4,1.1,14.9,0.1,27.9,52.2,2.9,2.1,25.2,4088,67.5,29.2,3.3,0,2.9
11001005800,District of Columbia,District of Columbia,2781,1476,1305,5.5,62.4,6.9,0,22.8,0,2308,124306,17771,99832,13723,16.4,22.6,78.1,10.1,10.4,0,1.4,17.1,1.4,29.8,41.1,2.1,8.4,21.8,1988,67.1,27.4,5.6,0,5.6
11001005900,District of Columbia,District of Columbia,2882,1485,1397,10.9,56,17.7,0,12.1,0,2556,99330,13327,57361,5628,13.9,0,74.5,8.7,15.5,0,1.3,15.3,0.4,34.2,39,6.8,4.3,23.1,2043,76.5,20.7,2.9,0,5.2
11001006202,District of Columbia,District of Columbia,117,60,57,0,56.4,43.6,0,0,0,97,,,58019,45977,0,0,85.6,0,14.4,0,0,41.2,0,0,0,41.2,17.5,,97,100,0,0,0,0
11001006400,District of Columbia,District of Columbia,2130,826,1304,4,8.4,84.8,0.3,2.5,0,1703,22969,5994,20124,4122,44.3,59.4,37.5,26.9,26.2,1.2,8.2,31.3,3.4,34.4,16.5,6.8,7.6,29.9,672,80.5,17.9,1.6,0,18.9
11001006500,District of Columbia,District of Columbia,2583,1208,1375,10,74.5,11.8,0,2.2,0,2133,128750,28752,76326,8026,8.2,3.3,77.6,6.7,15.3,0.4,0,13.8,4.3,45.4,26,2.3,8.2,22.9,1956,57.1,38.6,4.3,0,3
11001006600,District of Columbia,District of Columbia,1904,895,1009,3.8,84.9,3.6,2.1,4.8,0,1542,143485,14771,92827,14887,2.6,0,87.9,3.4,7.4,0.6,0.7,24.3,2.4,41.3,17.6,5.7,8.7,25.8,1316,62.8,31.8,5.4,0,4
11001006700,District of Columbia,District of Columbia,4213,1922,2291,3.2,77.6,13.7,0,3.4,0,3522,136797,10998,84221,8316,3.9,0,86.5,2.6,10.1,0.4,0.5,28.6,7.1,43.8,5.9,6.1,8.5,27.8,2826,58.4,34.6,7,0,3
11001006801,District of Columbia,District of Columbia,2017,1062,955,2.7,36.2,56.3,0,2.6,0,1756,75742,7463,47228,6403,10.1,19.6,60.1,13.6,19.4,2.8,4.1,42.8,1.7,44.2,4.2,4.5,2.6,29.8,1257,60,36.9,3.1,0,10
11001006802,District of Columbia,District of Columbia,2342,1139,1203,5.8,51,35.9,0.9,1.2,0,1864,113250,16694,54623,5760,10.8,9.3,75.2,8.7,12.9,0.2,3,36.7,2.3,48.7,1,4.2,7.1,29.6,1345,63.6,33.5,2.9,0,9.9
11001006804,District of Columbia,District of Columbia,2949,2747,202,3.9,3.2,91.5,0,0,0,2749,,,4691,1189,90.8,,36.4,63.6,0,0,0,0,0,36.4,63.6,0,0,,11,100,0,0,0,54.2
11001006900,District of Columbia,District of Columbia,2181,1006,1175,4.2,69,23.9,0,2,0,1823,108571,21055,71766,6275,3.9,0,76.9,4.6,13.5,4.2,0.8,39.3,0,40.7,5.6,8,6.5,28.2,1557,53.9,41.9,4.1,0,1.6
11001007000,District of Columbia,District of Columbia,2794,1582,1212,11.1,66.1,13.3,0,1.1,0,2385,112096,8061,66547,10009,5.2,0,85.2,7.6,7.2,0,0,25.9,3.4,23.8,33.4,5.4,8,21.1,1476,58.8,33.4,7.8,0,3.5
11001007100,District of Columbia,District of Columbia,3064,1435,1629,1.9,37.9,55.8,0,1.3,0,2300,72904,19752,42733,7692,25,34.2,76.2,10.6,12.4,0.7,0.1,23.1,7.6,51.5,8.7,1.2,7.9,27,1362,71.1,26.4,2.5,0,14
11001007200,District of Columbia,District of Columbia,4584,2480,2104,4.6,65.4,22.5,0.2,4.1,0,4124,106897,14030,63970,7990,12.2,15.1,75,6.2,16.1,1.5,1.2,32.1,5.2,29.2,24,4.8,4.6,22.1,3051,55.3,40.6,4.1,0,6
11001007301,District of Columbia,District of Columbia,4002,2249,1753,9.3,61,22.6,0,1.4,0,2564,75625,11531,28639,3705,2.7,2.3,67.5,9.5,16.3,0,6.7,52.3,10.2,2.5,22.5,4.1,8.5,15,849,37.9,58,4.1,0,0.9
11001007304,District of Columbia,District of Columbia,3514,1223,2291,1.7,3.5,93.3,0,0,0,2629,29542,10359,17347,2584,40.6,59.9,29,33.2,21.9,4.3,11.7,28.7,6.3,53,0.5,5.4,6,33.1,1034,60.8,36.6,2.6,0,23.5
11001007401,District of Columbia,District of Columbia,2453,1035,1418,1.8,0.2,97.6,0,0.4,0,1564,15205,2340,9501,1587,60.8,69.5,12.4,46.3,23.9,7.1,10.3,27.2,4.6,62.5,1.7,1,3.1,42.8,574,81,12.4,6.6,0,22.1
11001007403,District of Columbia,District of Columbia,3500,1627,1873,2.8,1.2,96,0,0,0,2215,31399,2491,13191,2016,31.7,35.4,19.4,30.7,31.8,8.5,9.5,36.5,3.1,53.1,6.1,1.2,0,38.7,1143,83,17,0,0,21
11001007404,District of Columbia,District of Columbia,3795,1425,2370,0.2,0.7,98.2,0.4,0,0,2243,28569,5543,16071,4680,40.4,50.5,28.9,23.5,32.6,8,7,31.2,7.6,54.6,0,0,6.6,38.3,961,68.5,29,2.5,0,27.7
11001007406,District of Columbia,District of Columbia,3061,1366,1695,0.6,0,97.9,0,0,0.4,1934,37344,13074,13077,2168,29.9,29.5,26,32.3,29.9,4,7.8,35.3,10.9,51.3,1.8,0.6,0,35.8,1151,74.5,23.6,1.8,0,8.2
11001007407,District of Columbia,District of Columbia,2734,1233,1501,0,0.8,97.4,0,0,0,1958,34531,9782,21111,4343,25.2,36.9,32.5,22.3,26.3,7.3,11.6,51,12.4,31.1,2.4,0,3.1,28.6,1037,77,22.3,0.8,0,16.6
11001007408,District of Columbia,District of Columbia,3548,1805,1743,1.4,0.8,93.2,0,0,0,2436,22353,4557,11340,2219,52,71.6,8.3,48.1,15.6,9.3,18.8,39.3,7.7,43,6.4,0,3.7,36.1,821,69.8,25.6,4.6,0,23.2
11001007409,District of Columbia,District of Columbia,3802,1496,2306,0,0.7,98.1,0,1.2,0,2627,33990,6320,16408,2491,37.8,55.6,19.7,39.1,34.2,5.8,1.2,46.2,5.1,42.7,6,0,0,37.7,1233,70.1,29.9,0,0,19.8
11001007502,District of Columbia,District of Columbia,5361,2088,3273,0.2,1,98.4,0,0,0,3774,26422,9110,18210,6742,52.2,64.7,37.5,28.9,28.7,1.1,3.8,40.4,13.2,42.3,0.7,2.7,0.8,35,1353,57.2,42.2,0.6,0,26.8
11001007503,District of Columbia,District of Columbia,2694,1261,1433,0.6,1.4,97.2,0,0.2,0,1597,26125,8083,14185,2054,47.1,59.4,23.8,21.3,27.4,6.7,20.9,37.4,11.2,41.9,1,0.8,7.8,36.3,804,78,20.5,1.5,0,17.2
11001007504,District of Columbia,District of Columbia,2780,1202,1578,0,0.5,99.5,0,0,0,1846,17159,2948,15411,4123,48.2,67.3,26.8,33.2,29.7,5.4,4.9,50.3,3.6,38.5,0,0,7.6,37.2,777,71.6,21.9,6.6,0,19.4
11001007601,District of Columbia,District of Columbia,4182,1926,2256,2.1,2.2,94.6,0.6,0,0.4,3317,35438,7428,25917,4277,24,38.3,29.9,20.3,32.4,8.1,9.3,48.2,2.4,38.8,3.1,4.4,3,32.9,1747,79.5,17.7,2.7,0,17.2
11001007603,District of Columbia,District of Columbia,3950,1960,1990,9.3,6.2,82.8,0,1.7,0,3368,48847,9463,37890,6424,20.7,33.5,39.2,15.3,26.1,3.5,15.9,41.5,16.4,40,1,1.1,0,36,1993,65.1,31.5,2.3,1.1,6.9
11001007604,District of Columbia,District of Columbia,3766,1938,1828,1.6,3.7,92.1,1.7,0,0,3091,53462,8932,32246,4277,18,31.9,39.3,16,30.7,8.5,5.5,59.4,0.5,37,0.6,0.5,1.9,33.2,1795,57.6,40.2,2.2,0,14.5
11001007605,District of Columbia,District of Columbia,3609,1510,2099,0.3,2,89.2,0.9,4.5,0,2835,34761,9132,22948,2887,28.8,43.8,37.7,21.1,25.3,2.1,13.9,47.1,7.3,37.9,4.2,1.8,1.7,38.9,1615,73.3,25.3,1.4,0,14.4
11001007703,District of Columbia,District of Columbia,5267,2081,3186,0.7,0,98.9,0,0.3,0,3587,25588,4910,16309,4972,46.7,58.1,13.8,35.6,37.6,4.1,8.8,46.7,1.5,41.5,4.4,5.2,0.7,31.4,1550,70.8,21.9,7.3,0,24.2
11001007707,District of Columbia,District of Columbia,4423,2044,2379,1.6,0,97.9,0,0,0,3179,49012,15267,20301,3235,28.1,44.3,31.2,28.6,27.5,6.3,6.4,42.5,13.7,40.1,0,0,3.7,38.3,1511,63.9,34.5,1.7,0,19.4
11001007708,District of Columbia,District of Columbia,3070,1145,1925,0,0,100,0,0,0,2306,28438,8779,16794,2701,31.4,52.1,24.7,25.8,36.8,2.3,10.4,17.9,11.7,61.1,0,9.2,0,39.1,859,71.4,28.6,0,0,35.3
11001007709,District of Columbia,District of Columbia,2165,1061,1104,5.1,0.9,90.6,0,0,0,1739,33372,5550,20962,2904,28.8,33.4,18.8,35.8,25.2,7.4,12.8,46.8,2.7,47.6,0,0,2.9,36.1,836,76.7,19.3,2.9,1.2,25.6
11001007803,District of Columbia,District of Columbia,3473,1795,1678,11.2,1.1,85.2,1.2,0.1,0,2637,38074,10073,22943,3789,21.2,39.8,23.9,33.6,38.1,1.3,3.1,46.9,8.7,35.7,4,2.6,2.1,32.2,1553,76.3,19.4,4.2,0,18.2
11001007804,District of Columbia,District of Columbia,3214,1255,1959,3.9,0.5,93.9,0,0.2,0,2341,39732,11674,19639,3301,29,50.9,20.7,30.6,24.5,6.7,17.6,39.8,5.6,45.7,5.7,3.1,0,30.4,1065,75.1,21.9,3,0,13.1
11001007806,District of Columbia,District of Columbia,2080,1002,1078,0.4,2.7,95.7,0.6,0,0,1508,29638,7914,20595,4007,26.4,24,19.5,34.9,30.6,4.4,10.6,46.5,3.1,42.9,1.1,0.8,5.6,35.9,743,76.3,22.2,1.5,0,19.2
11001007807,District of Columbia,District of Columbia,2314,1052,1262,1.4,0,97.2,0,0.5,0,1683,38289,13530,24328,7127,21.3,33.3,39,20.9,24.1,3.8,12.1,48.9,7,43.3,0,0,0.8,35.6,783,71.3,25.7,3.1,0,20.9
11001007808,District of Columbia,District of Columbia,4289,1968,2321,3.1,0.5,96.3,0,0.2,0,2553,35718,10709,20546,3611,29.5,31.8,42.7,13.1,23.3,9,11.9,40.2,6.6,32.5,5.9,5.2,9.8,42,1406,63.7,26.2,10,0,30.4
11001007809,District of Columbia,District of Columbia,2805,1162,1643,2,2.4,93.4,0.4,0.6,0,2103,39508,12699,23366,4377,24.3,37.2,28.7,31.3,29.1,4,6.8,50.2,8.9,38.3,0.7,1.9,0,35.5,1286,71.2,27.4,1.5,0,14
11001007901,District of Columbia,District of Columbia,3951,1802,2149,2.9,18.8,75.6,0.5,0.3,0,3086,43854,7641,28348,3005,23.1,27.9,48.7,19.1,20.1,6,6,44.9,4.5,30.5,2.9,11.3,6,28.5,1654,74.6,23.8,1.1,0.5,18.8
11001007903,District of Columbia,District of Columbia,1825,838,987,2.7,17,75.1,0.4,1.8,0,1384,50188,7317,30401,5050,26.8,47,57.2,21.2,17.8,1.1,2.6,47.2,4.3,38.1,3.8,5,1.8,35.1,881,60.8,37.3,1.8,0,12.3
11001008001,District of Columbia,District of Columbia,3184,1370,1814,4.9,50.6,33.8,0,7.1,0,2607,121776,16038,61145,4834,6.5,2.3,80.1,10.3,9.6,0,0,43.7,13.1,27.4,3.4,9.1,3.4,30.8,2029,69.9,27,3.1,0,5.4
11001008002,District of Columbia,District of Columbia,3546,1777,1769,3.7,59.1,32.1,0,3.1,0,2883,110208,8592,61679,5490,7.2,5.2,70.9,6.3,16.3,1.2,5.4,38.6,9.7,31.3,6.3,9.2,5,27.7,2326,57.4,37.8,4.8,0,6.8
11001008100,District of Columbia,District of Columbia,3212,1630,1582,7.5,75.1,11.7,0,2.9,0,2680,129340,16972,72554,4361,1.7,0,76.4,4.1,16.2,1.5,1.8,31.4,4.2,38.5,10.5,3.6,11.7,30.1,2253,69.5,26.9,3.6,0,1.9
11001008200,District of Columbia,District of Columbia,2929,1274,1655,7.2,81.8,5.5,0,2.9,0,2542,102339,16335,76192,11742,7.6,0,83.6,5.2,10.9,0.3,0.1,16.2,5.8,31.9,31.7,8.7,5.7,24,1968,61.1,34.9,4.1,0,3.4
11001008301,District of Columbia,District of Columbia,2383,1114,1269,7.9,73.4,8.8,0,4.3,0,2052,143787,25217,70556,8496,3.8,0,85,1.9,11.9,0.9,0.4,21.3,3.8,36,27.9,6.6,4.4,25.1,1761,51,45.6,2.9,0.5,3.5
11001008302,District of Columbia,District of Columbia,2409,1248,1161,3.2,71.2,18,0,4.9,0,2045,120417,13732,62769,5406,6.5,0,80.4,3.5,13.3,0.9,1.9,30.4,3.6,36.8,17,8.1,4.2,27.3,1581,56.7,39.3,3.9,0,2.2
11001008402,District of Columbia,District of Columbia,2133,766,1367,3.8,48.7,40.9,0,2.4,0,1863,78375,13862,53971,5739,10.5,6.9,59.9,9.3,27.1,0.8,2.9,31.4,6.9,34.8,9.2,11.8,6,27.5,1359,70.9,23,6.1,0,9.8
11001008410,District of Columbia,District of Columbia,1355,773,582,4.2,46.2,45.6,0,3.1,0,1058,107266,6298,49107,7207,8.5,0,72.6,6.5,17,1.3,2.7,45.5,3.8,26.5,9,9.1,6.1,32.3,866,71,22.5,6.5,0,3.2
11001008701,District of Columbia,District of Columbia,2311,1119,1192,6.2,30.5,62.1,0,0,0,2042,73611,15563,44057,7905,10.7,9.3,53.7,17.5,17.7,4.6,6.5,36.2,4.7,37,7.3,12.5,2.2,30.4,1533,77.6,21.7,0.7,0,5.5
11001008702,District of Columbia,District of Columbia,1930,808,1122,9.1,11.9,76.3,0,0.6,0,1575,48977,10905,33891,10949,25.3,28.8,49.3,19.1,21.2,2.2,8.2,35.3,4.4,40.8,9.2,6.9,3.5,30.1,952,65.5,26.2,8.3,0,14.8
11001008802,District of Columbia,District of Columbia,4598,2224,2374,1,17,75.6,1.5,2.8,0,3729,59000,9765,32758,5703,25.8,41.2,48.1,19.3,24,2.8,5.7,41.9,9.2,28.8,4.9,10.7,4.6,30.2,2075,64,32.2,3.8,0,16.7
11001008803,District of Columbia,District of Columbia,2148,1149,999,10,23.2,59.9,0.4,3.3,0,1565,20313,9709,13641,3583,51.8,62.3,30.1,23,19.8,8.1,19,31.7,2.7,34.2,24,4.1,3.3,28.3,691,77.7,19.2,3,0,23.5
11001008804,District of Columbia,District of Columbia,2442,1370,1072,7.3,8.1,75.8,0,7,0,1886,39766,7099,23092,3387,30.2,14.9,37.6,31.7,22.6,1.7,6.4,32.6,9.6,50,1.7,3,3.1,35.3,1010,72.5,20.9,6.6,0,21.7
11001008903,District of Columbia,District of Columbia,3465,1659,1806,6,6,84.1,0,2.5,0,2357,37167,13299,21998,3976,32.7,55.2,33,28.3,26,7.1,5.6,33.8,14.1,36.7,5.6,7,2.9,31.6,1351,78.2,18,3.8,0,12.7
11001008904,District of Columbia,District of Columbia,3046,1401,1645,12.1,4.7,79.2,0,0.4,0,2180,27031,8336,21182,2731,24.5,11.5,22.5,43.9,18.8,9.9,4.9,39.3,14.2,41.5,0.6,2.4,1.9,31.5,1364,85.8,13.5,0.7,0,19.4
11001009000,District of Columbia,District of Columbia,3049,1143,1906,3.8,2.9,92.7,0,0.3,0,2489,34157,10359,36229,5796,17.5,0,57.4,12.9,17.7,4.7,7.2,56.8,15.4,23.9,0,0.9,3,31.7,1106,61.9,36.7,1.4,0,10.2
11001009102,District of Columbia,District of Columbia,5288,2175,3113,4.9,7.1,86.4,0,0.8,0,3482,45517,10007,23132,2906,28.1,42.3,38.1,22.7,27.9,4,7.3,43.6,5.3,45.8,2,1.5,1.7,32.6,1989,63.8,29,7.2,0,15.5
11001009201,District of Columbia,District of Columbia,2261,1123,1138,7.5,34.3,52.5,0,1.4,0,1809,52734,9360,35477,5758,21,14.5,58.9,16.3,21.2,1.2,2.4,27.5,2.6,45.6,14.4,5.3,4.6,29.3,1080,76.7,21.7,1.7,0,15.8
11001009203,District of Columbia,District of Columbia,2612,1281,1331,6.9,15.7,72.5,0,0,0,2082,80250,39000,38175,5607,18.6,21.8,54.8,10.2,25.4,3.5,6.1,37,1.8,43.3,4.6,10.7,2.7,32.7,1428,69,28.7,2.3,0,17.2
11001009204,District of Columbia,District of Columbia,2785,1296,1489,15.5,9.3,72.3,0,0.4,0,1913,21801,6320,18613,3053,41.1,55.8,37.3,38.2,16.2,3,5.4,23.6,4.8,60.8,6.9,2.8,1.1,36.3,914,77.1,21.8,1.1,0,28
11001009301,District of Columbia,District of Columbia,3204,1552,1652,5.8,35,52.5,0,2.8,0.3,2531,77636,10717,39313,5924,7.9,0,67.2,6.9,22.6,2.1,1.2,44.3,6,36.3,3.1,3.7,6.5,30,1547,49.9,43.1,7,0,15.6
11001009302,District of Columbia,District of Columbia,1053,563,490,8.5,20.1,58.6,0,11.8,0,783,62063,7311,38878,6057,7,0,53,13.3,23.5,4.6,5.7,39.1,13.3,37.3,5.1,3.5,1.6,28.4,566,64.5,35.5,0,0,10.3
11001009400,District of Columbia,District of Columbia,4850,2457,2393,6.7,13.8,76.7,0,1.3,0,3714,84726,13253,36298,7042,11.8,1.1,53.9,16.1,22.3,0.9,6.8,57.5,7.3,28,3.2,2.5,1.7,34.1,2053,60.6,37.6,1.8,0,18.3
11001009501,District of Columbia,District of Columbia,7088,3509,3579,21.7,23,52.4,0.1,2.1,0,4516,42115,7388,15095,2019,23.1,28.2,28.7,33.5,19.6,11.8,6.3,39.3,5.8,33.7,16.4,1.9,2.9,28.1,2854,86.2,11.9,1.9,0,10.6
11001009503,District of Columbia,District of Columbia,3347,1520,1827,2.9,22.5,72.1,0,0.6,0,2592,87167,11565,38464,4054,8.9,9,64.7,15.9,16.5,0,2.8,51.8,7.9,24.5,4.6,1.6,9.6,30.4,1565,65.6,28,5,1.5,7.1
11001009504,District of Columbia,District of Columbia,3315,1453,1862,16,21.1,60.9,0.6,0.2,0,2895,71678,7040,35007,5266,12.4,2.1,54.3,13.8,23.6,1.3,7.1,43.8,3.3,41.7,3.8,5.2,2.3,30,1413,72.3,22.7,5,0,15.7
11001009505,District of Columbia,District of Columbia,2701,1220,1481,12.7,5.6,78.3,0,2.5,0,1993,57472,24179,35238,5050,9.7,0,51,20.2,18.8,4.2,5.9,44.9,11.9,40.6,2.6,0,0,34.5,1156,66.3,32.5,1.1,0,24.3
11001009507,District of Columbia,District of Columbia,1631,663,968,10.4,1,88.3,0,0,0,1233,60170,15821,29913,4361,11.2,24.1,43.3,22.1,15.2,12,7.4,62.1,10.1,25,0,0,2.9,30.7,593,67.3,19.4,13.3,0,22.3
11001009508,District of Columbia,District of Columbia,3829,1575,2254,10.4,9.5,77.6,0,2,0,2853,65046,12395,32825,4894,7.7,1.6,42.5,27,25,2.1,3.5,52,5.2,41,0.5,0.9,0.4,30.7,1921,69.5,26.2,4.2,0,11.1
11001009509,District of Columbia,District of Columbia,3485,1554,1931,12.1,2.8,83.4,0,0,0,2644,60036,11464,30668,5544,4.3,0,46.2,12.8,29.9,2.4,8.7,49.3,5.6,43,0.6,1.6,0,29.7,1445,59,35.6,5.3,0,25.8
11001009601,District of Columbia,District of Columbia,2211,850,1361,0.5,0.2,98.1,0,0,0,1601,32794,11333,16009,2520,43.3,63.8,29.3,35.7,21.4,1,12.6,55,0.8,35.8,5.1,0.2,3.2,32.2,617,59.8,39.2,1,0,33.1
11001009602,District of Columbia,District of Columbia,3457,1090,2367,3,0.2,95.9,0,0,0,2180,23132,3813,13416,2033,41.5,47.7,18.5,43.6,30.2,0.9,6.8,48.7,5.8,41,4.5,0,0,37.2,1205,84.9,13.3,1.8,0,17.9
11001009603,District of Columbia,District of Columbia,3014,1236,1778,4.5,0.3,92.4,0.9,0,0,2421,39013,6923,30651,9582,16.6,3.3,33.8,23.5,28.3,2.4,12,38.6,6.1,47.6,7.2,0.5,0,34.4,1187,65.1,29.4,5.5,0,20.2
11001009604,District of Columbia,District of Columbia,2108,986,1122,2.2,0.7,95.8,0,0,0,1772,49141,9533,28769,3723,9.7,3.2,27.3,13.2,36.4,10.7,12.5,53.7,11.1,29.7,1.4,0,4,33.6,979,67,31.1,1.9,0,14.3
11001009700,District of Columbia,District of Columbia,3371,1349,2022,0.4,0.3,98.5,0,0,0,2316,32404,10319,17207,2899,38.6,50.3,33.4,19.3,30.8,6.3,10.2,51.9,6.9,35.4,2.2,1.6,2.1,38.2,1038,60.1,36.5,3.4,0,30
11001009801,District of Columbia,District of Columbia,2159,948,1211,2.5,1,91,0.2,0,0,1266,24531,7450,14518,3050,40.1,56.3,33.9,31.9,22.5,2.4,9.4,47.7,11.2,35.5,5.7,0,0,36.1,587,77.7,19.8,2.6,0,31.3
11001009802,District of Columbia,District of Columbia,1646,750,896,0.4,0.2,99.4,0,0,0,1070,26932,9270,16813,2987,49.6,72.1,35.8,33.8,27.5,0,2.9,29.6,4.5,59.5,3.9,0,2.6,48.2,480,65.6,34.4,0,0,31.6
11001009803,District of Columbia,District of Columbia,2733,1284,1449,0,0.2,99.3,0.3,0,0,2011,20772,9627,16020,2894,45.3,61.4,28.7,31.1,24.5,8.4,7.4,55.2,4,36.8,0,0,4,36.2,882,68.9,31.1,0,0,29.3
11001009804,District of Columbia,District of Columbia,2778,1274,1504,7.5,1.2,88.4,0,0,0,1913,35819,2534,19848,2563,34.7,50.7,33.7,20.3,32.2,3.7,10.1,45.9,11.7,36.5,1.5,0.5,4,37.1,997,72.6,27.4,0,0,27.7
11001009807,District of Columbia,District of Columbia,3043,1318,1725,0.7,1.9,96.7,0,0,0,2263,43657,7290,27354,9506,33.6,57.2,37.5,23.6,27.9,6,5,48.8,6.1,40.8,2.7,1.6,0,34.1,1072,56.1,43.9,0,0,24.6
11001009810,District of Columbia,District of Columbia,2676,862,1814,0.3,0,97.3,0,0,0,1758,29840,7960,16264,4366,40.4,47,26.9,33.8,34.8,0,4.5,41.6,4.3,50.1,3,1,0,51.7,1056,72.2,26.7,1.1,0,27.4
11001009811,District of Columbia,District of Columbia,5018,2357,2661,0.2,0,99.3,0,0,0,3449,28681,3541,13821,1636,32.8,44.7,17.6,46.6,14.6,9.1,12.1,28.7,13.1,50.3,6.6,1.4,0,46.7,1384,71,28.1,0.9,0,36.8
11001009901,District of Columbia,District of Columbia,2563,1201,1362,1.3,3.3,94,0,0,0,2150,81134,7566,42555,5528,9.6,0,55.4,9.7,22.8,6.5,5.6,55.1,4.6,36.2,2.7,0,1.5,33.5,1178,53.2,44.1,2.7,0,10.3
11001009902,District of Columbia,District of Columbia,2780,1269,1511,0.1,0.9,96.4,0,0.9,0,2290,52727,12385,28490,4591,11,16,35.8,24.7,23.4,10.1,5.9,61,3.4,30.9,2.9,0.8,1,32.5,1177,59.6,35.9,4.5,0,15.5
11001009903,District of Columbia,District of Columbia,1828,555,1273,1.3,2,93.4,3,0,0,1334,60574,14631,26587,4601,17.7,36.5,53.4,15.4,15,7.6,8.7,47.8,18.4,24.1,0,6.8,2.9,36.6,899,65.1,32.1,2,0.8,7
11001009904,District of Columbia,District of Columbia,2462,1063,1399,4.8,2.4,90.5,0,0,0,1638,33333,5717,20328,3956,35.5,45.8,34.5,29.4,23.3,8.2,4.6,42.5,10.2,42.8,2.9,0.6,1,37.5,906,52.3,44.3,3.4,0,18.7
11001009905,District of Columbia,District of Columbia,2795,1544,1251,5.3,0.1,94.6,0,0,0,2062,43626,4433,22873,4334,26.9,43.3,24.3,28.6,25.9,9.6,11.7,59,4.9,30.5,2,3.7,0,35.4,1113,63.5,30,6.5,0,26.4
11001009906,District of Columbia,District of Columbia,1521,668,853,2.6,1.4,94.4,0,0.3,0,1158,46979,8489,21972,3371,27,32,27.3,31.8,26.1,5.8,9,34.9,5.8,53.6,1.6,3.5,0.6,37,633,63.5,31.1,5.4,0,13.9
11001009907,District of Columbia,District of Columbia,2890,1380,1510,3.1,0,96.5,0,0,0,2080,24735,7573,17049,3762,37.8,53,40.9,24,22.5,2.2,10.3,55.9,4.2,35.7,0,1.7,2.6,40.2,861,70,27.6,2.3,0,26
11001010100,District of Columbia,District of Columbia,2624,1244,1380,12.3,57.7,12.3,0,14.1,0,2012,90625,7950,76743,9722,13.1,0,73.1,8.4,17.7,0,0.8,16.9,0,28.4,49.5,1.6,3.6,21.9,1918,71.6,24.8,3.6,0,3.5
11001010200,District of Columbia,District of Columbia,2537,1069,1468,7.1,41.7,41.9,0,4.5,0,2196,100670,15948,62999,6256,6.9,30.2,72.3,7.3,18.4,2,0,26,2,46.9,17.3,3.1,4.7,25.3,1709,71.7,24.2,4,0,5.2
11001010300,District of Columbia,District of Columbia,3462,1832,1630,20.1,20.1,55.6,0.2,2.1,0,2473,60911,9576,30413,4471,21.6,24.1,50.9,21.4,16.6,5.8,5.3,33.7,10.3,47.7,2.8,1.3,4.1,35.4,1421,61.7,31.4,6.9,0,16.5
11001010400,District of Columbia,District of Columbia,4474,2227,2247,2.8,7,89.3,0,0,0,3188,35417,6821,19384,3208,31.3,47.4,34.6,29.2,24.4,2.9,8.9,55.3,3.1,38.3,0,1.3,2,37.3,1604,70.4,29.6,0,0,16.5
11001010500,District of Columbia,District of Columbia,3418,1649,1769,4.9,42.6,44.4,0.1,5.5,0,3140,69063,17166,58591,6452,12.2,15.1,71.4,7.8,15.4,5.5,0,27.1,3.9,47.6,12.4,3.1,5.9,28,2306,56.1,36.9,7,0,9.3
11001010600,District of Columbia,District of Columbia,5783,3122,2661,7.4,58.3,26.1,0.8,4.9,0.3,5046,104688,14487,59292,4849,15.3,18.6,75,7.1,14.6,0.8,2.6,27.6,3.1,44.5,14.1,6.2,4.6,29.2,4064,74.3,23.5,2.2,0,6.2
11001010700,District of Columbia,District of Columbia,1821,810,1011,6.6,71,3.6,0,15.6,0,1609,71458,11940,58870,9997,20.3,0,74.1,11.2,13.2,0.6,0.9,11.9,4.7,35.1,37,3.1,8.2,24.2,1291,75.3,19.8,5,0,3.5
11001010800,District of Columbia,District of Columbia,6289,2900,3389,7.4,64,10.5,0.2,13.5,0,5454,35129,8877,9861,1721,38.1,,47.8,23.7,27.3,0.2,1,3,2.8,26.9,55.7,4.4,7.1,19.2,2321,89.6,9.3,1.1,0,8.6
11001010900,District of Columbia,District of Columbia,4275,1784,2491,1.5,1.5,96,0,0.2,0,2793,33698,5593,12968,3347,48.7,50.3,26.5,40.1,21,3.9,8.5,34.7,8.3,40.2,6.9,7.6,2.2,33.7,1180,65.8,30.9,3.2,0,27.4
11001011000,District of Columbia,District of Columbia,3552,1696,1856,6.3,61.3,26.3,0.6,3.8,0,3231,82548,13351,69090,8637,3.7,0,74.8,7.3,15.5,1.4,1,29,2,42.2,9.7,9.7,7.5,27.7,2363,67,29.2,3.8,0,3.5
11001011100,District of Columbia,District of Columbia,5490,2550,2940,5.8,7.2,85.6,0,0.2,0,4271,68750,23168,30431,3768,20.7,6.1,43.7,19.4,29.3,4.4,3.3,58.2,6,27.2,5.2,1.6,1.8,29,2268,60.3,33.5,6.2,0,15.2